[
    {
        "code": "22467",
        "name": "ABREDCOM ECOFARMA SRL"
    },
    {
        "code": "381",
        "name": "ABREDCOM ECOFARMA SRL - HATO VIEJO"
    },
    {
        "code": "2419",
        "name": "ABREDCOM ECOFARMA SRL - GAMUNDI"
    },
    {
        "code": "2420",
        "name": "ABREDCOM ECOFARMA SRL - YERBA BUENA"
    },
    {
        "code": "2421",
        "name": "BREDCOM ECOFARMA SRL - BUENA VISTA"
    },
    {
        "code": "20437",
        "name": "ALMACENES IBERIA SRL"
    },
    {
        "code": "343",
        "name": "FARMACIA DUCO II"
    },
    {
        "code": "344",
        "name": "FARMACIA DUCO III"
    },
    {
        "code": "345",
        "name": "FARMACIA DUCO IV"
    },
    {
        "code": "346",
        "name": "FARMACIA DUCO V"
    },
    {
        "code": "9563",
        "name": "CADASA TRADING S A"
    },
    {
        "code": "2510",
        "name": "CADASA TRADING SA- FARMACIA LA ECONOMICA"
    },
    {
        "code": "24282",
        "name": "COOPERATIVA SERVICIOS MULTIPLES SAN JOSE INC YAMASA"
    },
    {
        "code": "2393",
        "name": "COOPERATIVA SERVICIOS MULTIPLES SAN JOSE INC YAMASA"
    },
    {
        "code": "21035",
        "name": "DIONICIO FARMAC SRL"
    },
    {
        "code": "2416",
        "name": "DIONICIO FARMAC SRL - SAN CRISTOBAL (MADRE VIEJA NORTE)"
    },
    {
        "code": "9240",
        "name": "EL PORTAL FLORIDO S.A"
    },
    {
        "code": "222",
        "name": "FARMACIA ROSANNA II"
    },
    {
        "code": "407",
        "name": "FARMACIA ROSANNA III"
    },
    {
        "code": "835",
        "name": "FARMACIA ROSANNA V"
    },
    {
        "code": "2412",
        "name": "FARMACIA ROSANNA VI"
    },
    {
        "code": "2585",
        "name": "FARMACIA ROSANNA IV"
    },
    {
        "code": "31354",
        "name": "FARMA OLE SRL"
    },
    {
        "code": "1994",
        "name": "FARMA OLE SRL - MONUMENTAL"
    },
    {
        "code": "2405",
        "name": "FARMA OLE SRL - AV INDEPENDENCIA"
    },
    {
        "code": "2476",
        "name": "FARMA OLE SRL SAN ISIDRO"
    },
    {
        "code": "33864",
        "name": "FARMA SALUD GALVEZ GONZALEZ SRL"
    },
    {
        "code": "2540",
        "name": "FARMA SALUD GALVEZ GONZALEZ SRL-"
    },
    {
        "code": "20339",
        "name": "FARMA VALUE RD SRL"
    },
    {
        "code": "339",
        "name": "FARMA VALUE RD SRL-BELLA VISTA"
    },
    {
        "code": "340",
        "name": "FARMA VALUE RD SRL-LA ZURZA"
    },
    {
        "code": "341",
        "name": "FARMA VALUE RD SRL- CRISTO REY"
    },
    {
        "code": "369",
        "name": "FARMA VALUE RD SRL-EL VERGEL"
    },
    {
        "code": "416",
        "name": "FARMA VALUE RD SRL-URB.FERNANDEZ"
    },
    {
        "code": "441",
        "name": "FARMA VALUE RD SRL -GAZCUE"
    },
    {
        "code": "2484",
        "name": "FARMACIA VALUE RD SRL-ENSANCHE LA FE"
    },
    {
        "code": "2516",
        "name": "FARMACIA VALUE RD SRL- SAN JUAN"
    },
    {
        "code": "2517",
        "name": "FARMACIA VALUE RD SRL-EVARISTO MORALES."
    },
    {
        "code": "2418",
        "name": "FARMA VALUE RD SRL -SAN CRISTOBAL"
    },
    {
        "code": "2438",
        "name": "FARMA VALUE RD SRL- AV.INDEPENDENCIA"
    },
    {
        "code": "2449",
        "name": "FARMA VALUE RD SRL- LA ROMANA"
    },
    {
        "code": "2454",
        "name": "FARMA VALUE RD SRL-VILLA MELLA"
    },
    {
        "code": "2000",
        "name": "FARMA VALUE RD SRL- HIGUEY  LA ALTAGRACIA"
    },
    {
        "code": "839",
        "name": "FARMA VALUE RD SRL- ARROYO HONDO I"
    },
    {
        "code": "862",
        "name": "FARMA VALUE RD SRL-ENSANCHE BERMUDEZ-SANTIAGO"
    },
    {
        "code": "863",
        "name": "FARMA VALUE RD SRL-RESIDENCIAL ENRIQUE-SANTIAGO"
    },
    {
        "code": "865",
        "name": "FARMA VALUE (TOWN CENTER)"
    },
    {
        "code": "604",
        "name": "FARMA VALUE RD SRL- LOS RESTAURADORES"
    },
    {
        "code": "614",
        "name": "FARMA VALUE RD SRL- REP - DE ARGENTINA"
    },
    {
        "code": "704",
        "name": "FARMA VALUE RD SRL-SAN PEDRO DE MACORIS"
    },
    {
        "code": "784",
        "name": "FARMA VALUE RD SRL- VILLA FARO"
    },
    {
        "code": "527",
        "name": "FARMA VALUE RD SRL-BONAO"
    },
    {
        "code": "599",
        "name": "FARMA VALUE RD SRL- LA VEGA"
    },
    {
        "code": "600",
        "name": "FARMA VALUE RD SRL-PUETO PLATA"
    },
    {
        "code": "601",
        "name": "FARMA VALUE RD SRL- ALMA ROSA"
    },
    {
        "code": "602",
        "name": "FARMA VALUE RD SRL- LAS PALMA DE HERRERA"
    },
    {
        "code": "603",
        "name": "FARMA VALUE RD SRL- CERROS DE GURABO"
    },
    {
        "code": "19905",
        "name": "FARMACIA ALBERTO II SRL"
    },
    {
        "code": "317",
        "name": "FARMACIA ALBERTO"
    },
    {
        "code": "20070",
        "name": "FARMACIA ANANIAS SRL"
    },
    {
        "code": "476",
        "name": "FARMACIA ANANIAS SRL II"
    },
    {
        "code": "841",
        "name": "FARMACIA ANANIAS SRL III"
    },
    {
        "code": "2400",
        "name": "FARMACIA ANANIAS IV"
    },
    {
        "code": "2489",
        "name": "FARMACIA ANANIAS SRL-SABANETA"
    },
    {
        "code": "10735",
        "name": "FARMACIA BRAMIL SRL"
    },
    {
        "code": "2571",
        "name": "FARMACIA BRAMIL SRL II"
    },
    {
        "code": "20781",
        "name": "FARMACIA CANCINO II SRL"
    },
    {
        "code": "843",
        "name": "FARMACIA CANCINO II"
    },
    {
        "code": "2003",
        "name": "FARMACIA CANCINO II VILLA MELLA"
    },
    {
        "code": "30610",
        "name": "FARMACIA CLAUDIO SANCHEZ SRL"
    },
    {
        "code": "854",
        "name": "CALLE 19 MARZO # 8 CENTRO."
    },
    {
        "code": "855",
        "name": "CALLE BARTOLOM OLEGARIO PEREZ # 168 ESQ. HERIBERTO GARCIA SVICA SECTOR PU"
    },
    {
        "code": "10044",
        "name": "FARMACIA CRISTIANA S.A"
    },
    {
        "code": "420",
        "name": "FARMACIA CRISTIANA LAS COLINAS"
    },
    {
        "code": "439",
        "name": "FARMACIA CRISTIANA VILLA ELISA"
    },
    {
        "code": "598",
        "name": "FARMACIA CRISTIANA SHALOM 3"
    },
    {
        "code": "693",
        "name": "FARMACIA CRISTIANA PUERTA DE HACIENDA"
    },
    {
        "code": "701",
        "name": "FARMACIA CRISTIANA CONSTITUCION"
    },
    {
        "code": "2424",
        "name": "FARMACIA CRISTIANA CAMBITA"
    },
    {
        "code": "2440",
        "name": "FARMACIA CRISTIANA PADRE AYALA"
    },
    {
        "code": "2452",
        "name": "FARMACIA CRISTIANA SAOMY"
    },
    {
        "code": "21755",
        "name": "FARMACIA DE MI ESPERANZA SRL"
    },
    {
        "code": "2542",
        "name": "FARMACIA DE MI ESPERANZA SRL"
    },
    {
        "code": "10685",
        "name": "FARMACIA EL SOL DE LA VEGA S R L"
    },
    {
        "code": "311",
        "name": "FARMACIA EL SOL METROPOLITANA"
    },
    {
        "code": "313",
        "name": "FARMACIA EL SOL SAN PEDRO"
    },
    {
        "code": "477",
        "name": "FARMACIA EL SOL SAN MARTIN"
    },
    {
        "code": "478",
        "name": "FARMACIA EL SOL SAN JOSE"
    },
    {
        "code": "597",
        "name": "FARMACIA EL SOL DE LA VEGA- SANTIAGO DE LOS CABALLEROS"
    },
    {
        "code": "703",
        "name": "FARMACIA EL SOL MARILOPEZ"
    },
    {
        "code": "2528",
        "name": "FARMACIA EL SOL DE LA VEGA S R L - LA ESMERALDA"
    },
    {
        "code": "2427",
        "name": "FARMACIA EL SOL ELBA"
    },
    {
        "code": "2456",
        "name": "FARMACIA EL SOL EL NUEVE"
    },
    {
        "code": "2487",
        "name": "FARMACIA EL SOL DE LA VEGA (DEL VALLE)"
    },
    {
        "code": "2488",
        "name": "FARMACIA EL SOL DE LA VEGA SRL (HAMACA)"
    },
    {
        "code": "2495",
        "name": "FARMACIA EL SOL DE LA VEGA SRL - ARENOSO"
    },
    {
        "code": "2496",
        "name": "FARMACIA EL SOL DE LA VEGASRL- LA CONFLUENCIA"
    },
    {
        "code": "1984",
        "name": "FARMACIA EL SOL LOS PINOS"
    },
    {
        "code": "1985",
        "name": "FARMACIA EL SOL BUENOS AIRES"
    },
    {
        "code": "1993",
        "name": "FARMACIA EL SOL DESCUENTO"
    },
    {
        "code": "1996",
        "name": "FARMACIA EL SOL DE AARAON"
    },
    {
        "code": "1997",
        "name": "FARMACIA EL SOL DE LA VEGA VILLA BELEN"
    },
    {
        "code": "2406",
        "name": "FARMACIA EL SOL GURABO"
    },
    {
        "code": "771",
        "name": "FARMACIA EL SOL MADERA"
    },
    {
        "code": "822",
        "name": "FARMACIA EL SOL MEDICA"
    },
    {
        "code": "828",
        "name": "FARMACIA EL SOL INMACULADA"
    },
    {
        "code": "829",
        "name": "FARMACIA EL SOL JARABACOA"
    },
    {
        "code": "856",
        "name": "FARMACIA EL SOL SANTA LUCIA"
    },
    {
        "code": "857",
        "name": "FARMACIA EL SOL SAN FRANCISCO"
    },
    {
        "code": "16552",
        "name": "FARMACIA ELSA MARIA SRL"
    },
    {
        "code": "2429",
        "name": "FARMACIA ELSA MARIA SRL"
    },
    {
        "code": "18027",
        "name": "FARMACIA EUROPA C POR A"
    },
    {
        "code": "236",
        "name": "FARMACIA EUROPA (SUC. LOS FRAILES)"
    },
    {
        "code": "237",
        "name": "FARMACIA EUROPA (SUC. VENEZUELA)"
    },
    {
        "code": "238",
        "name": "FARMACIA EUROPA (SUC. LUCERNA)"
    },
    {
        "code": "17210",
        "name": "FARMACIA EVELYN SRL"
    },
    {
        "code": "475",
        "name": "FARMACIA EVELYN SRL"
    },
    {
        "code": "20018",
        "name": "FARMACIA FARMASUR TATA SRL"
    },
    {
        "code": "785",
        "name": "FARMACIA FARMASUR TATA SRL MANOGUAYABO"
    },
    {
        "code": "31867",
        "name": "FARMACIA FATIMA CRISTINA"
    },
    {
        "code": "2002",
        "name": "FARMACIA FATIMA CRISTINA INDEPENDENCIA CON ANACAONA"
    },
    {
        "code": "24692",
        "name": "FARMACIA JIMENA SRL"
    },
    {
        "code": "2473",
        "name": "FARMACIA JIMENA SRL (II)"
    },
    {
        "code": "13653",
        "name": "FARMACIA LA LINEA S A"
    },
    {
        "code": "2474",
        "name": "FARMACIA LA LINEA  AMINA"
    },
    {
        "code": "22280",
        "name": "FARMACIA LA NUEVA S H EIRL"
    },
    {
        "code": "2005",
        "name": "FARMACIA LA NUEVA S.H. VILLA TAPIA"
    },
    {
        "code": "15801",
        "name": "FARMACIA LAMPLE SUAREZ SRL"
    },
    {
        "code": "867",
        "name": "FARMACIA LAMPLE SUAREZ S.R.L SUCURSAL II-PADRE FANTINO BONAO"
    },
    {
        "code": "17131",
        "name": "FARMACIA LARIMAR SRL"
    },
    {
        "code": "481",
        "name": "FARMACIA LARIMAR EL TAMARINDO"
    },
    {
        "code": "482",
        "name": "FARMACIA LARIMAR LUCERNA"
    },
    {
        "code": "2433",
        "name": "FARMACIA LARIMAR SRL-PRADO ORIENTAL"
    },
    {
        "code": "39342",
        "name": "FARMACIA LAS 3 ROSAS SRL"
    },
    {
        "code": "2547",
        "name": "FARMACIA LAS 3 ROSAS- PIZZARRETTE"
    },
    {
        "code": "2548",
        "name": "FARMACIA LAS 3 ROSAS- SANTANA"
    },
    {
        "code": "10601",
        "name": "FARMACIA LIDIA S A"
    },
    {
        "code": "314",
        "name": "FARMACIA LIDIA SA GURABO II"
    },
    {
        "code": "14715",
        "name": "FARMACIA LILIA A BONILLA SRL"
    },
    {
        "code": "2508",
        "name": "FARMACIA LILIA A BONILLA SRL"
    },
    {
        "code": "17238",
        "name": "FARMACIA LOS ALCARRIZOS SRL"
    },
    {
        "code": "2559",
        "name": "FARMACIA LOS ALCARRIZOS SRL-SAVICA"
    },
    {
        "code": "2560",
        "name": "FARMACIA LOS ALCARRIZOS SRL-GUAYIGA"
    },
    {
        "code": "2562",
        "name": "FARMACIA LOS ALCARRIZOS-LOS LIBERTADORES"
    },
    {
        "code": "2563",
        "name": "FARMACIA LOS ALCARRIZOS SRL-LOS GIRASOLES"
    },
    {
        "code": "2564",
        "name": "FARMACIA LOS ALCARRIZOS SRL- ALTOS DE ALAMEDA"
    },
    {
        "code": "2568",
        "name": "FARMACIA LOS ALCARRIZOS SRL-BARRIO LANDIA"
    },
    {
        "code": "14369",
        "name": "FARMACIA LOS HIDALGOS S A"
    },
    {
        "code": "247",
        "name": "LOS HIDALGOS EL CONDE"
    },
    {
        "code": "248",
        "name": "LOS HIDALGOS SAN ISIDRO"
    },
    {
        "code": "249",
        "name": "LOS HIDALGOS VILLA MELLA"
    },
    {
        "code": "250",
        "name": "LOS HIDALGOS BELLA VISTA"
    },
    {
        "code": "251",
        "name": "LOS HIDALGOS LA CALETA"
    },
    {
        "code": "252",
        "name": "LOS HIDALGOS PIANTINI LINCOLN"
    },
    {
        "code": "2588",
        "name": "FARMACIA LOS HIDALGOS SA-SIRENA NAGUA"
    },
    {
        "code": "2481",
        "name": "LOS HIDALGOS-PLAZA LAMA"
    },
    {
        "code": "2485",
        "name": "LOS HIDALGOS - HIPERMERCADO LA ROMANA"
    },
    {
        "code": "2500",
        "name": "FARMACIA LOS HIDALGOS S A - SUPERMERCADO BRAVO DE HERRERA"
    },
    {
        "code": "2512",
        "name": "FARMACIA LOS HIDALGOS-LA ESPERILLA"
    },
    {
        "code": "2583",
        "name": "FARMACIA LOS HIDALGOS-BRAVO CIUDAD REAL ORIENTAL"
    },
    {
        "code": "2587",
        "name": "FARMACIA LOS HIDALGOS S A"
    },
    {
        "code": "2451",
        "name": "LOS HIDALGOS REPUBLICA DE COLOMBIA III"
    },
    {
        "code": "2459",
        "name": "LOS HIDALGOS SAMANA"
    },
    {
        "code": "2470",
        "name": "LOS HIDALGOS-MIGUELINA"
    },
    {
        "code": "2471",
        "name": "LOS HIDALGOS SOSUA"
    },
    {
        "code": "2006",
        "name": "LOS HIDALGOS - JACOBO MAJLUTA II"
    },
    {
        "code": "2392",
        "name": "LOS HIDALGOS SAN PEDRO"
    },
    {
        "code": "2396",
        "name": "FARMACIA LOS HIDALGOS SAS ( CERVECERIA)"
    },
    {
        "code": "2404",
        "name": "LOS HIDALGOS PUERTO PLATA"
    },
    {
        "code": "2423",
        "name": "LOS HIDALGOS ARROYO REPUBLICA DE COLOMBIA II"
    },
    {
        "code": "2446",
        "name": "LOS HIDALGOS PASEO DEL PRADO"
    },
    {
        "code": "765",
        "name": "LOS HIDALGOS LA VEGA"
    },
    {
        "code": "823",
        "name": "FARMACIA LOS HIDALGOS (PLAZA SEDAFEX)"
    },
    {
        "code": "830",
        "name": "LOS HIDALGOS OZAMA"
    },
    {
        "code": "831",
        "name": "LOS HIDALGOS HIPICA"
    },
    {
        "code": "836",
        "name": "LOS HIDALGOS GARRIDO AV DUARTE I"
    },
    {
        "code": "2004",
        "name": "LOS HIDALGOS SAN CRISTOBAL II"
    },
    {
        "code": "624",
        "name": "LOS HIDALGOS PLAZA CATALUNIA"
    },
    {
        "code": "630",
        "name": "LOS HIDALGOS -MOCA"
    },
    {
        "code": "685",
        "name": "LOS HIDALGOS SAN VICENTE II"
    },
    {
        "code": "702",
        "name": "LOS HIDALGOS NUEZ DE CACERES"
    },
    {
        "code": "709",
        "name": "LOS HIDALGOS PLAZA CEILO"
    },
    {
        "code": "761",
        "name": "LOS HIDALGOS AUTOPISTA DUARTE II"
    },
    {
        "code": "473",
        "name": "LOS HIDALGOS LAS AMERICAS-GARRIDO"
    },
    {
        "code": "474",
        "name": "LOS HIDALGOS HIGUEY LIBERTAD"
    },
    {
        "code": "496",
        "name": "LOS HIDALGOS + OVANDO DUARTE"
    },
    {
        "code": "511",
        "name": "LOS HIDALGOS + ENGOMBE"
    },
    {
        "code": "528",
        "name": "LOS HIDALGOS PLAZA NACO"
    },
    {
        "code": "623",
        "name": "LOS HIDALGOS CITY CENTER SAN ISIDRO"
    },
    {
        "code": "363",
        "name": "LOS HIDALGOS LA CASTELLANA"
    },
    {
        "code": "368",
        "name": "LOS HIDALGOS LAS TERRENAS"
    },
    {
        "code": "372",
        "name": "LOS HIDALGOS BAVARO"
    },
    {
        "code": "412",
        "name": "LOS HIDALGOS CIUDAD JUAN BOSCH"
    },
    {
        "code": "413",
        "name": "LOS HIDALGOS PROLONGACION 27"
    },
    {
        "code": "472",
        "name": "LOS HIDALGOS OLE JACOBO MALJUTA I"
    },
    {
        "code": "307",
        "name": "LOS HIDALGOS LA ROMANA II"
    },
    {
        "code": "347",
        "name": "LOS HIDALGOS REPUBLICA DE COLOMBIA I"
    },
    {
        "code": "352",
        "name": "LOS HIDALGOS AV DUARTE II"
    },
    {
        "code": "353",
        "name": "LOS HIDALGOS BELLA VISTA II"
    },
    {
        "code": "361",
        "name": "LOS HIDALGOS INDEPENDENCIA"
    },
    {
        "code": "362",
        "name": "LOS HIDALGOS AV.MELLA"
    },
    {
        "code": "271",
        "name": "LOS HIDALGOS MAXIMO GOMEZ"
    },
    {
        "code": "272",
        "name": "LOS HIDALGOS SAN ISIDRO II"
    },
    {
        "code": "273",
        "name": "LOS HIDALGOS ESTRELLA SALHAD"
    },
    {
        "code": "274",
        "name": "LOS HIDALGOS MORICHAL"
    },
    {
        "code": "305",
        "name": "LOS HIDALGOS BLUE MALL"
    },
    {
        "code": "306",
        "name": "LOS HIDALGOS MEZZALUNA"
    },
    {
        "code": "265",
        "name": "LOS HIDALGOS LAS CAOBAS"
    },
    {
        "code": "266",
        "name": "LOS HIDALGOS CARRETERA MELLA"
    },
    {
        "code": "267",
        "name": "LOS HIDALGOS SABANA PERDIDA"
    },
    {
        "code": "268",
        "name": "LOS HIDALGOS LA ROMANA I"
    },
    {
        "code": "269",
        "name": "LOS HIDALGOS HERRERA"
    },
    {
        "code": "270",
        "name": "LOS HIDALGOS HIGUEY"
    },
    {
        "code": "259",
        "name": "LOS HIDALGOS PLAZA DE LA SALUD"
    },
    {
        "code": "260",
        "name": "LOS HIDALGOS EMBRUJO"
    },
    {
        "code": "261",
        "name": "LOS HIDALGOS LOS FRAILES"
    },
    {
        "code": "262",
        "name": "LOS HIDALGOS LUPERN"
    },
    {
        "code": "263",
        "name": "LOS HIDALGOS ALCARRIZOS"
    },
    {
        "code": "264",
        "name": "LOS HIDALGOS QUISQUEYA"
    },
    {
        "code": "253",
        "name": "LOS HIDALGOS NACO"
    },
    {
        "code": "254",
        "name": "LOS HIDALGOS OVANDO"
    },
    {
        "code": "255",
        "name": "LOS HIDALGOS MIRAFLORES"
    },
    {
        "code": "256",
        "name": "LOS HIDALGOS CHURCHILL"
    },
    {
        "code": "257",
        "name": "LOS HIDALGOS VENEZUELA"
    },
    {
        "code": "258",
        "name": "LOS HIDALGOS SAN CRISTOBAL I"
    },
    {
        "code": "16546",
        "name": "FARMACIA LOS PRADOS SRL"
    },
    {
        "code": "226",
        "name": "AV. ABRAHAM LINCOLN NO. 10 ESQ. EUCLIDES MORILLO ES. ARROYO HONDO"
    },
    {
        "code": "17729",
        "name": "FARMACIA LUIS MIGUEL SRL"
    },
    {
        "code": "414",
        "name": "FARMACIA LUIS MIGUEL II"
    },
    {
        "code": "526",
        "name": "FARMACIA LUIS MIGUEL III"
    },
    {
        "code": "9684",
        "name": "FARMACIA LUZ DIVINA SRL"
    },
    {
        "code": "438",
        "name": "FARMACIA LUZ DIVINA"
    },
    {
        "code": "707",
        "name": "FARMACIA LUZ DIVINA-ISABELITA"
    },
    {
        "code": "24534",
        "name": "FARMACIA MARIAM SRL"
    },
    {
        "code": "711",
        "name": "FARMACIA MARIAM SRL- BELLA TERRA"
    },
    {
        "code": "16545",
        "name": "FARMACIA MEDICAR G B C SRL"
    },
    {
        "code": "240",
        "name": "MEDICAR GBC SAN MARTIN"
    },
    {
        "code": "241",
        "name": "MEDICAR GBC PRADOS"
    },
    {
        "code": "242",
        "name": "MEDICAR GBC ROMULO"
    },
    {
        "code": "243",
        "name": "MEDICAR GBC RENACIEMIENTO"
    },
    {
        "code": "244",
        "name": "MEDICAR GBC MIRAMAR"
    },
    {
        "code": "245",
        "name": "MEDICAR GBC CIUDAD REAL"
    },
    {
        "code": "2596",
        "name": "FARMACIA MEDICAR GBC-NAGUA"
    },
    {
        "code": "2599",
        "name": "FARMACIA MEDICAR GBC - LA ZURZA SDN"
    },
    {
        "code": "780",
        "name": "MEDICAR GBC NAGUA"
    },
    {
        "code": "2586",
        "name": "MEDICAR GBC CAMBITA"
    },
    {
        "code": "2592",
        "name": "MEDICAR GBC SAN ISISDRO III"
    },
    {
        "code": "2593",
        "name": "FARMACIA MEDICAR GBC"
    },
    {
        "code": "2594",
        "name": "FARMACIA MEDICAR GBC"
    },
    {
        "code": "2595",
        "name": "FARMACIA MEDICAR GBC-SAN PEDRO DE MACORIS"
    },
    {
        "code": "639",
        "name": "MEDICAR GBC VILLA MELLA II"
    },
    {
        "code": "657",
        "name": "MEDICAR GBC HONDURAS"
    },
    {
        "code": "658",
        "name": "MEDICAR GBC LA FE"
    },
    {
        "code": "767",
        "name": "MEDICAR GBC TENARES"
    },
    {
        "code": "778",
        "name": "MEDICAR GBC ROSMIL"
    },
    {
        "code": "779",
        "name": "MEDICAR GBC MONTE PLATA"
    },
    {
        "code": "633",
        "name": "MEDICAR GBC SAN CRISTOBAL"
    },
    {
        "code": "634",
        "name": "MEDICAR GBC COTUI"
    },
    {
        "code": "635",
        "name": "MEDICAR GBC AUTOPISTA DUARTE"
    },
    {
        "code": "636",
        "name": "MEDICAR GBC RESID. STO.DGO."
    },
    {
        "code": "637",
        "name": "MEDICAR GBC JACOBO II"
    },
    {
        "code": "638",
        "name": "MEDICAR GBC HATO MAYOR"
    },
    {
        "code": "605",
        "name": "MEDICAR GBC ATALA"
    },
    {
        "code": "606",
        "name": "MEDICAR GBC BONAO"
    },
    {
        "code": "627",
        "name": "MEDICAR GBC SAN LUIS"
    },
    {
        "code": "628",
        "name": "MEDICAR GBC SAN JUAN I"
    },
    {
        "code": "629",
        "name": "MEDICAR GBC EL ROSAL"
    },
    {
        "code": "632",
        "name": "MEDICAR GBC EL SEIBO"
    },
    {
        "code": "504",
        "name": "MEDICAR GBC ENS. ISABELITA"
    },
    {
        "code": "506",
        "name": "MEDICAR GBC LA ROMANA II"
    },
    {
        "code": "507",
        "name": "MEDICAR GBC JACOBO I"
    },
    {
        "code": "508",
        "name": "MEDICAR GBC VILLA FARO"
    },
    {
        "code": "510",
        "name": "MEDICAR GBC VILLA OLIMPICA"
    },
    {
        "code": "523",
        "name": "MEDICAR GBC PANTOJA"
    },
    {
        "code": "494",
        "name": "MEDICAR GBC ZONA UNIVERSITARIA"
    },
    {
        "code": "495",
        "name": "MEDICAR GBC LOS RIOS"
    },
    {
        "code": "498",
        "name": "MEDICAR GBC LA ROMANA I"
    },
    {
        "code": "501",
        "name": "MEDICAR GBC SANTIAGO I"
    },
    {
        "code": "502",
        "name": "MEDICAR GBC SAN GERONIMO"
    },
    {
        "code": "503",
        "name": "MEDICAR GBC BANI"
    },
    {
        "code": "467",
        "name": "MEDICAR GBC MANOGUAYABO"
    },
    {
        "code": "468",
        "name": "MEDICAR GBC MONUMENTAL"
    },
    {
        "code": "485",
        "name": "MEDICAR GBC SAN ISIDRO"
    },
    {
        "code": "488",
        "name": "MEDICAR GBC VILLA FARO"
    },
    {
        "code": "491",
        "name": "MEDICAR GBC BAVARO"
    },
    {
        "code": "492",
        "name": "MEDICAR GBC HIGUEY"
    },
    {
        "code": "432",
        "name": "MEDICAR GBC LA ESPERILLA"
    },
    {
        "code": "433",
        "name": "MEDICAR GBC HERRERA"
    },
    {
        "code": "434",
        "name": "MEDICAR GBC OVANDO"
    },
    {
        "code": "435",
        "name": "MEDICAR GBC LUPERON"
    },
    {
        "code": "442",
        "name": "MEDICAR GBC LOS MINA"
    },
    {
        "code": "464",
        "name": "MEDICAR GBC SAN PEDRO"
    },
    {
        "code": "426",
        "name": "MEDICAR GBC REP. COLOMBIA"
    },
    {
        "code": "427",
        "name": "MEDICAR GBC SABANA LARGA"
    },
    {
        "code": "428",
        "name": "MEDICAR GBC PIANTINI"
    },
    {
        "code": "429",
        "name": "MEDICAR GBC CANCINO"
    },
    {
        "code": "430",
        "name": "MEDICAR GBC CHARLES DE GAULLE"
    },
    {
        "code": "431",
        "name": "MEDICAR GBC SOL PONIENTE"
    },
    {
        "code": "246",
        "name": "GBC PRADERAS"
    },
    {
        "code": "421",
        "name": "MEDICAR GBC LAS AMERICAS"
    },
    {
        "code": "422",
        "name": "MEDICAR GBC DEFILLO"
    },
    {
        "code": "423",
        "name": "MEDICAR GBC LOS PROCERES"
    },
    {
        "code": "424",
        "name": "MEDICAR GBC VILLA MELLA III"
    },
    {
        "code": "425",
        "name": "MEDICAR GBC LOS ALCARRIZOS"
    },
    {
        "code": "9665",
        "name": "FARMACIA MIMA CASSO SRL"
    },
    {
        "code": "608",
        "name": "FARMACIA MIMA CASSO-COTUI"
    },
    {
        "code": "609",
        "name": "FARMACIA MIMA CASSO -VILLA LA MATA"
    },
    {
        "code": "19108",
        "name": "FARMACIA NARALY SRL"
    },
    {
        "code": "436",
        "name": "FARMACIA NARALY SRL (LA VEGA)"
    },
    {
        "code": "437",
        "name": "FARMACIA NARALY (GAZCUE)"
    },
    {
        "code": "458",
        "name": "FARMACIA NARALY (MOCA)"
    },
    {
        "code": "21941",
        "name": "FARMACIA ORIANA SRL"
    },
    {
        "code": "686",
        "name": "FARMACIA ORIANA SRL-OVANDO"
    },
    {
        "code": "9395",
        "name": "FARMACIA ORTEGA UREÑA EIRL"
    },
    {
        "code": "2558",
        "name": "FARMACIA ORTEGA UREAEIRL"
    },
    {
        "code": "16822",
        "name": "FARMACIA PATRIZO S R L"
    },
    {
        "code": "216",
        "name": "C/ REAL NO. 3. EDIFICIO 19. MANZANA C. (EN EL CENTRO MEDICO SANTANA TAVERAS)"
    },
    {
        "code": "371",
        "name": "PLAZA FILADELFIA  LOCAL 6 A EN LA AUTOPISTA SAN ISIDRO"
    },
    {
        "code": "759",
        "name": "FARMACIA PATRIZO- PRADO ORIENTAL"
    },
    {
        "code": "860",
        "name": "FARMACIA PATRIZO-CIUDAD JUAN BOSCH"
    },
    {
        "code": "20054",
        "name": "FARMACIA POPULAR DE PUERTO PLATA, EIRL"
    },
    {
        "code": "866",
        "name": "FARMACIA POPULAR DE PUERTO PLATA EIRL- CENTRO DE LA CIUDAD"
    },
    {
        "code": "2532",
        "name": "FARMACIA POPULAR DE PUERTO PLATA EIRL - CENTRO DE LA CIUDAD"
    },
    {
        "code": "2539",
        "name": "FARMACIA POPULAR DE PUERTO PLATA EIRL - ENS. SAN FELIPE."
    },
    {
        "code": "31616",
        "name": "FARMACIA PUEBLO VIEJO SRL"
    },
    {
        "code": "2460",
        "name": "FARMACIA PUEBLO VIEJO SRL"
    },
    {
        "code": "18176",
        "name": "FARMACIA PUJOLS SRL"
    },
    {
        "code": "847",
        "name": "FARMACIA PUJOLS S.R.L (GURABO SANTIAGO)"
    },
    {
        "code": "2524",
        "name": "FARMACIA PUJOLS S.R.L (GURABO SANTIAGO)"
    },
    {
        "code": "9048",
        "name": "FARMACIA ROMAX"
    },
    {
        "code": "308",
        "name": "FARMACIA ROMAX PANTOJA"
    },
    {
        "code": "480",
        "name": "FARMACIA ROMAX 3"
    },
    {
        "code": "10706",
        "name": "FARMACIA SABANA IGLESIA SRL"
    },
    {
        "code": "415",
        "name": "FARMACIA SABANA IGLESIA II"
    },
    {
        "code": "19390",
        "name": "FARMACIA SAN JUAN BOSCO, SRL"
    },
    {
        "code": "2453",
        "name": "FARMACIA SAN JUAN BOSCO S.R.L."
    },
    {
        "code": "2455",
        "name": "FARMACIA SAN JUAN BOSCO S.R.L."
    },
    {
        "code": "23069",
        "name": "FARMACIA SAN JUAN ORIENTAL SRL"
    },
    {
        "code": "410",
        "name": "MAYRA MERCEDES GRULLON LOPEZ (FARMACIA BRISAS DEL EDEN )"
    },
    {
        "code": "18463",
        "name": "FARMACIA SAN LUIS DE SANTIAGO DE LOS CABALLEROS SRL"
    },
    {
        "code": "2397",
        "name": "FARMACIA SAN LUIS DE SANTIAGO DE LOS CABALLEROS SRL"
    },
    {
        "code": "9318",
        "name": "FARMACIA SAN MIGUEL S.A"
    },
    {
        "code": "318",
        "name": "FARMACIA SAN MIGUEL VI (ANT. FCIA. EL GUANO) SANTIAGO"
    },
    {
        "code": "364",
        "name": "FARMACIA SAN MIGUEL II"
    },
    {
        "code": "365",
        "name": "FARMACIA SAN MIGUEL III"
    },
    {
        "code": "366",
        "name": "FARMACIA SAN MIGUEL V"
    },
    {
        "code": "483",
        "name": "FARMACIA SAN MIGUEL VII"
    },
    {
        "code": "2398",
        "name": "FARMACIA SAN MIGUEL VIII"
    },
    {
        "code": "2499",
        "name": "FARMACIA SAN MIGUEL X"
    },
    {
        "code": "25136",
        "name": "FARMACIA SCHARIMEL SRL"
    },
    {
        "code": "772",
        "name": "FARMACIA SCHARIMEL SRL-CABRERA"
    },
    {
        "code": "2475",
        "name": "FARMACIA SCHARIMEL SRL-RIO SAN JUAN"
    },
    {
        "code": "26161",
        "name": "FARMACIA SEBASTIAN EIRL"
    },
    {
        "code": "2538",
        "name": "FARMACIA SEBASTIAN EIRL - MAQUITERIA"
    },
    {
        "code": "16253",
        "name": "FARMACIA TANIA C POR A"
    },
    {
        "code": "399",
        "name": "FARMACIA TANIA INDEPENDENCIA"
    },
    {
        "code": "400",
        "name": "FARMACIA TANIA SARASOTA"
    },
    {
        "code": "401",
        "name": "FARMACIA AV. CHARLES SUMMER"
    },
    {
        "code": "402",
        "name": "FARMACIA AV. 27 FEBRERO"
    },
    {
        "code": "404",
        "name": "FARMACIA TANIA - DEFILLO"
    },
    {
        "code": "497",
        "name": "FARMACIA TANIA -LOS RIOS"
    },
    {
        "code": "17180",
        "name": "FARMACIA V I P MENDO SRL"
    },
    {
        "code": "349",
        "name": "FARMACIA V I P MENDO SRL (SAN ISIDRO)"
    },
    {
        "code": "461",
        "name": "FARMACIA V I P MENDO SRL (MENDOZA)"
    },
    {
        "code": "462",
        "name": "FARMACIA VIP MENDO SRL (VENEZUELA)"
    },
    {
        "code": "463",
        "name": "FARMACIA VIP MENDO SRL (CIUDAD MODELO)"
    },
    {
        "code": "587",
        "name": "FARMACIA VIP MENDO SRL (VILLA MELLA)"
    },
    {
        "code": "588",
        "name": "FARMACIA VIP MENDO SRL (SABANA PERDIDA)"
    },
    {
        "code": "2573",
        "name": "FARMACIA V I P MENDO SRL (PABLO MELLA)"
    },
    {
        "code": "2574",
        "name": "FARMACIA V I P MENDO SRL (JUAN BOSCH)"
    },
    {
        "code": "2584",
        "name": "FARMACIA VIP MENDO SRL -BEISBOLISTA I"
    },
    {
        "code": "2589",
        "name": "FARMACIA VIP MENDO SRL (ALMA ROSA)"
    },
    {
        "code": "2590",
        "name": "FARMACIA VIP MENDO SRL-CARRETERA MELLA II"
    },
    {
        "code": "2557",
        "name": "FARMACIA VIP MENDO SRL ( SAN VICENTE II)"
    },
    {
        "code": "2561",
        "name": "FARMACIA VIP MENDO SRL (LOS ALCARRIZOS)"
    },
    {
        "code": "2565",
        "name": "FARMACIA VIP MENDO SRL (VERON)"
    },
    {
        "code": "2566",
        "name": "FARMACIA VIP MENDO SRL ( II CALICHE)"
    },
    {
        "code": "2567",
        "name": "FARMACIA VIP MENDO SRL (PIANTINI II)"
    },
    {
        "code": "2569",
        "name": "FARMACIA V I P MENDO SRL (ARROYO HONDO)"
    },
    {
        "code": "2432",
        "name": "FARMACIA VIP MENDO SRL (SAN LUIS)"
    },
    {
        "code": "2436",
        "name": "FARMACIA VIP MENDO SRL (SAN CRISTOBAL)"
    },
    {
        "code": "2468",
        "name": "FARMACIA VIP MENDO SRL (HATO NUEVO)"
    },
    {
        "code": "2469",
        "name": "FARMACIA VIP MENDO SRL (JOSE CONTRERAS)"
    },
    {
        "code": "2555",
        "name": "FARMACIA VIP MENDO SRL (PANTOJA)"
    },
    {
        "code": "2556",
        "name": "FARMACIA VIP MENDO SRL ( SAN ISIDRO II)"
    },
    {
        "code": "1992",
        "name": "FARMACIA VIP MENDO SRL (SAN CARLOS)"
    },
    {
        "code": "1998",
        "name": "FARMACIA VIP MENDO SRL (PIANTINI)"
    },
    {
        "code": "2001",
        "name": "FARMACIA VIP MENDO SRL (VILLA DUARTE)"
    },
    {
        "code": "2425",
        "name": "FARMACIA VIP MENDO SRL (MONTE PLATA)"
    },
    {
        "code": "2430",
        "name": "FARMACIA VIP MENDO SRL (BRISAS DEL EDEN)"
    },
    {
        "code": "2431",
        "name": "FARMACIA VIP MENDO SRL (SAN VICENTE I)"
    },
    {
        "code": "1986",
        "name": "FARMACIA VIP MENDO SRL (NUEZ DE CACERES)"
    },
    {
        "code": "1987",
        "name": "FARMACIA VIP MENDO SRL (LAS PRADERAS)"
    },
    {
        "code": "1988",
        "name": "FARMACIA VIP MENDO SRL (MONUMENTAL)"
    },
    {
        "code": "1989",
        "name": "FARMACIA VIP MENDO SRL (VISTA HERMOSA)"
    },
    {
        "code": "1990",
        "name": "FARMACIA VIP MENDO SRL (LOS MINAS MERCADO)"
    },
    {
        "code": "1991",
        "name": "FARMACIA VIP MENDO SRL (SABANA LARGA)"
    },
    {
        "code": "766",
        "name": "FARMACIA VIP MENDO SRL (CRISTO REY)"
    },
    {
        "code": "773",
        "name": "FARMACIA VIP MENDO SRL (RIVERA DEL OZAMA)"
    },
    {
        "code": "781",
        "name": "FARMACIA VIP MENDO SRL (ENSANCHE ESPAILLAT)"
    },
    {
        "code": "783",
        "name": "FARMACIA VIP MENDO SRL (EL ALMIRANTE)"
    },
    {
        "code": "832",
        "name": "FARMACIA VIP MENDO SRL (LOS PRADOS)"
    },
    {
        "code": "837",
        "name": "FARMACIA VIP MENDO SRL (PADRE CASTELLANO I)"
    },
    {
        "code": "589",
        "name": "FARMACIA V I P MENDO SRL (ELISSA)"
    },
    {
        "code": "662",
        "name": "FARMACIA V I P MENDO SRL (EL MILLON)"
    },
    {
        "code": "663",
        "name": "FARMACIA VIP MENDO SRL (CARRETERA MELLA)"
    },
    {
        "code": "762",
        "name": "FARMACIA VIP MENDO SRL (PADRE CASTELLANO II)"
    },
    {
        "code": "763",
        "name": "FARMACIA VIP MENDO SRL (ENSANCHE LUPERON)"
    },
    {
        "code": "764",
        "name": "FARMACIA VIP MENDO SRL (REPUBLICA DE COLOMBIA)"
    },
    {
        "code": "32667",
        "name": "FARMACIA WECARE SRL"
    },
    {
        "code": "2575",
        "name": "FARMACIA WECARE SRL - SAN MARCOS"
    },
    {
        "code": "2576",
        "name": "FARMACIA WECARE SRL - COSTAMBAR"
    },
    {
        "code": "2577",
        "name": "FARMACIA WECARE SRL - VERAGUA"
    },
    {
        "code": "2578",
        "name": "FARMACIA WECARE SRL - CABARETE"
    },
    {
        "code": "37520",
        "name": "FARMACIA YUDELKA SRL"
    },
    {
        "code": "2502",
        "name": "FARMACIA YUDELKA SRL"
    },
    {
        "code": "15815",
        "name": "FARMAHISPANA S A"
    },
    {
        "code": "309",
        "name": "FARMAHISPANA II"
    },
    {
        "code": "329",
        "name": "FARMAHISPANA III"
    },
    {
        "code": "14166",
        "name": "FARMATRIX SAS"
    },
    {
        "code": "219",
        "name": "METRO JPD"
    },
    {
        "code": "220",
        "name": "URB. PIA"
    },
    {
        "code": "479",
        "name": "FARMATRIXSA-GUIZA"
    },
    {
        "code": "715",
        "name": "FARMATRIXSAS-EL BRISAL"
    },
    {
        "code": "716",
        "name": "FARMATRIX-SAS-SAN ISIDRO"
    },
    {
        "code": "717",
        "name": "FARMATRIX SAS- VILLA CARMEN"
    },
    {
        "code": "2601",
        "name": "FARMATRIXSAS-CENTRO HISTORICO"
    },
    {
        "code": "2602",
        "name": "FRMTRIXSAS-VILLA OLIMPICA"
    },
    {
        "code": "2603",
        "name": "FARMATRIXSASBRAVO PONTEZUELA"
    },
    {
        "code": "2604",
        "name": "FARMATRIXSASBONAO"
    },
    {
        "code": "2605",
        "name": "FARMATRIXSAS-TAMBORIL III"
    },
    {
        "code": "2461",
        "name": "FARMATRIX SAS-PIANTINI"
    },
    {
        "code": "2462",
        "name": "FARMATRIX SA-JULIETA MORALES"
    },
    {
        "code": "2463",
        "name": "FARMATRIX SAS- (PLAZA PARAISO)"
    },
    {
        "code": "2467",
        "name": "FARMAEXTRASAS- DRAGON DE ORO BELLA VISTA"
    },
    {
        "code": "2509",
        "name": "FARMATRIX SAS- VERON"
    },
    {
        "code": "2600",
        "name": "FARMATRIXSASLAS PALMAS DE HERRERA"
    },
    {
        "code": "745",
        "name": "FARMATRIXSAS- ALTOS DE ARROYO HONDO (REPUBLICA DE COLOMBIA)"
    },
    {
        "code": "747",
        "name": "FARMATRIX  SAS- (CANCINO)"
    },
    {
        "code": "748",
        "name": "FARMATRIX-MILLON II"
    },
    {
        "code": "752",
        "name": "FARMATRIXSAS (EL VERGEL)"
    },
    {
        "code": "753",
        "name": "FARMATRIXSAS-( OZANA)"
    },
    {
        "code": "756",
        "name": "FARMATRIX SAS-( LA MORALEJA)"
    },
    {
        "code": "738",
        "name": "FARMATRIXSAS-CIUDAD NUEVA"
    },
    {
        "code": "740",
        "name": "FARMATRIX SAS-NACO I"
    },
    {
        "code": "741",
        "name": "FARMATRIX SAS-ALMA ROSA I"
    },
    {
        "code": "742",
        "name": "FARMATRIXSAS- MILLON I"
    },
    {
        "code": "743",
        "name": "FARMATRIXSAS-LA TRINITARIA"
    },
    {
        "code": "744",
        "name": "FARMATRIXSAS-ZONA INDUSTRIAL DE HERRERA"
    },
    {
        "code": "731",
        "name": "FARMATRIX SAS-PLAZA LAS AMERICAS"
    },
    {
        "code": "732",
        "name": "FARMATRIX SAS- LA ESPAOLA"
    },
    {
        "code": "733",
        "name": "FARMATRIXSAS- CRISTO REY"
    },
    {
        "code": "735",
        "name": "FARMATRIX SAS-30 DE MAYO"
    },
    {
        "code": "736",
        "name": "FARMATRIXSAS- RENACIMIENTO III"
    },
    {
        "code": "737",
        "name": "FARMATRIX SAS- LOTERIA"
    },
    {
        "code": "725",
        "name": "FARMATRIX SAS- MOCA"
    },
    {
        "code": "726",
        "name": "FARMATRIX SAS - EL EMBRUJO I"
    },
    {
        "code": "727",
        "name": "FARMATRIX- SAS-TAMBORIL I"
    },
    {
        "code": "728",
        "name": "FARMATRIXSAS-CERROS DE GURABO"
    },
    {
        "code": "729",
        "name": "FARMATRIX-RESTAURACION"
    },
    {
        "code": "730",
        "name": "FARMATRIX SAS-ENS. LIBERTAD"
    },
    {
        "code": "719",
        "name": "FARMATRIX SAS- BARRIO DUARTE"
    },
    {
        "code": "720",
        "name": "FARMATRIX SAS- BUENOS AIRES DE HERRERA"
    },
    {
        "code": "721",
        "name": "FARMATRIX SAS- RENACIMIENTO I"
    },
    {
        "code": "722",
        "name": "FARMATRIX SAS - MIRADOR NORTE II"
    },
    {
        "code": "723",
        "name": "FARMATRIX-VILLA FARO"
    },
    {
        "code": "724",
        "name": "FARMATRIX SAS-MAO"
    },
    {
        "code": "22251",
        "name": "GRUPO CANDELIER SRL"
    },
    {
        "code": "2522",
        "name": "GRUPO CANDELIER SRL"
    },
    {
        "code": "9320",
        "name": "GRUPO CAROL S A"
    },
    {
        "code": "97",
        "name": "FARMACIA CAROL MAXIMO GOMEZ"
    },
    {
        "code": "98",
        "name": "FARMACIA CAROL SAN CARLOS"
    },
    {
        "code": "99",
        "name": "FARMACIA CAROL 27 DE FEBRERO"
    },
    {
        "code": "101",
        "name": "FARMACIA CAROL VILLA MELLA"
    },
    {
        "code": "102",
        "name": "FARMACIA CAROL UCE"
    },
    {
        "code": "103",
        "name": "FARMACIA CAROL BELLA VISTA"
    },
    {
        "code": "2527",
        "name": "GRUPO CAROL S A PATIO CHIQUITO"
    },
    {
        "code": "2530",
        "name": "GRUPO CAROL SA -EL EMBRUJO"
    },
    {
        "code": "2531",
        "name": "GRUPO CAROL SA -ALAMEDA"
    },
    {
        "code": "2546",
        "name": "GRUPO CAROL S A - ALMACENES UNIDOS (BAVARO - PUNTA CANA)"
    },
    {
        "code": "2570",
        "name": "FARMACIA CAROL"
    },
    {
        "code": "2409",
        "name": "FARMACIA COROL - PADRE LAS CASAS SANTIAGO."
    },
    {
        "code": "2410",
        "name": "FARMACIA CAROL - LOS MINAS"
    },
    {
        "code": "2411",
        "name": "FARMACIA CAROL - GURABITO"
    },
    {
        "code": "2422",
        "name": "FARMACIA CAROL - VERON"
    },
    {
        "code": "2447",
        "name": "GRUPO CAROL S A - BANI"
    },
    {
        "code": "768",
        "name": "FARMACIA CAROL-BRAVO VILLA MELLA"
    },
    {
        "code": "848",
        "name": "FARMACIA CAROL-HIPICA"
    },
    {
        "code": "1089",
        "name": "FARMACIA CAROL-HOMS"
    },
    {
        "code": "2402",
        "name": "FARMACIA CAROL BRAVO CHARELES DE GAULLE"
    },
    {
        "code": "2407",
        "name": "FARMACIA CAROL - LA MARQUESA CUIDAD JUAN BOSCH"
    },
    {
        "code": "2408",
        "name": "FARMACIA COROL - COLINAS CENTRO"
    },
    {
        "code": "696",
        "name": "FARMACIA CAROL-LOS WEBER"
    },
    {
        "code": "697",
        "name": "FARMACIA CAROL-SANTO DOMINGO ESTE"
    },
    {
        "code": "698",
        "name": "FARMACIA CAROL-LOS CERROS DE GURABO"
    },
    {
        "code": "699",
        "name": "FARMACIA CAROL-MANOGUAYABO"
    },
    {
        "code": "700",
        "name": "FARMACIA CAROL-CRISTO REY"
    },
    {
        "code": "710",
        "name": "FARMACIA CAROL-BRAVO LOS PROCERES"
    },
    {
        "code": "487",
        "name": "CAROL GALERIAS DEL ATLANTICOS"
    },
    {
        "code": "640",
        "name": "CAROL PLAZA PORVENIR"
    },
    {
        "code": "661",
        "name": "CAROL PLAZA PORTAL DEL NORTE"
    },
    {
        "code": "691",
        "name": "FARMACIA CAROL - LOS RIOS"
    },
    {
        "code": "692",
        "name": "FARMACIA CAROL- EL EMBRUJO"
    },
    {
        "code": "695",
        "name": "FARMACIA CAROL-LA ESPERILLA"
    },
    {
        "code": "453",
        "name": "FARMACIA CAROL MULTIPLAZA LA ROMANA"
    },
    {
        "code": "454",
        "name": "FARMACIA CAROL PATIO COLOMBIA"
    },
    {
        "code": "455",
        "name": "CAROL LA RINCONADA SANTIAGO"
    },
    {
        "code": "456",
        "name": "CAROL MEXICO"
    },
    {
        "code": "457",
        "name": "CAROL MUSA SPM"
    },
    {
        "code": "486",
        "name": "CAROL SAN MIGUEL"
    },
    {
        "code": "447",
        "name": "FARMACIA CAROL LA SIRENA JOSE CONTRERAS"
    },
    {
        "code": "448",
        "name": "FARMACIA CAROL LA SIRENA LUPERON"
    },
    {
        "code": "449",
        "name": "FARMACIA CAROL LA SIRENA SAN FRANCISCO DE MACORIS"
    },
    {
        "code": "450",
        "name": "FARMACIA CAROL MEGACENTRO I"
    },
    {
        "code": "451",
        "name": "FARMACIA CAROL MEGACENTRO II"
    },
    {
        "code": "452",
        "name": "FARMACIA CAROL MIRADOR DE ARROYO HONDO"
    },
    {
        "code": "405",
        "name": "FARMACIA CAROL PEDRO BRAND"
    },
    {
        "code": "409",
        "name": "FARMACIA CAROL DOWNTOWN MALL PUNTA CANA"
    },
    {
        "code": "443",
        "name": "FARMACIA CAROL BAVARO"
    },
    {
        "code": "444",
        "name": "FARMACIA CAROL GALERIAS DE NACO"
    },
    {
        "code": "445",
        "name": "FARMACIA CAROL JUMBO LA ROMANA"
    },
    {
        "code": "446",
        "name": "FARMACIA CAROL JUMBO LUPERON"
    },
    {
        "code": "385",
        "name": "FARMACIA CAROL LAS PALMAS"
    },
    {
        "code": "386",
        "name": "FARMACIA CAROL MALECON CENTER"
    },
    {
        "code": "387",
        "name": "FARMACIA CAROL ROMULO 341"
    },
    {
        "code": "388",
        "name": "FARMCACIA CAROL DUARTE"
    },
    {
        "code": "396",
        "name": "FARMACIA CAROL VILLA HERMOSA"
    },
    {
        "code": "397",
        "name": "FARMACIA CAROL BLUE MALL PUNTA CANA"
    },
    {
        "code": "373",
        "name": "FARMACIA CAROL SAN VICENTE"
    },
    {
        "code": "375",
        "name": "FARMACIA CAROL VILLA MELLA"
    },
    {
        "code": "378",
        "name": "FARMACIA CAROL DOWNTOWN CENTER"
    },
    {
        "code": "382",
        "name": "FARMACIA CAROL CHURCHILL"
    },
    {
        "code": "383",
        "name": "FARMACIA CAROL EVARISTO MORALES"
    },
    {
        "code": "384",
        "name": "FARMACIA CAROL GALERIA 360"
    },
    {
        "code": "301",
        "name": "FARMACIA CAROL ROMULO BETANCOURT"
    },
    {
        "code": "302",
        "name": "FARMACIA CAROL SOSUA"
    },
    {
        "code": "303",
        "name": "FARMACIA CAROL MANOGUAYABO"
    },
    {
        "code": "348",
        "name": "FARMACIA CAROL LAS PRADERAS"
    },
    {
        "code": "356",
        "name": "FARMACIA CAROL AILA"
    },
    {
        "code": "360",
        "name": "FARMACIA CAROL SAN PEDRO DE MACORIS"
    },
    {
        "code": "287",
        "name": "FARMACIA CAROL BRAVO SANTIAGO"
    },
    {
        "code": "296",
        "name": "FARMACIA CAROL LA ROMANA"
    },
    {
        "code": "297",
        "name": "FARMACIA CAROL LAS TERRENAS"
    },
    {
        "code": "298",
        "name": "FARMACIA CAROL MELGEN"
    },
    {
        "code": "299",
        "name": "FARMACIA CAROL MOCA"
    },
    {
        "code": "300",
        "name": "FARMACIA CAROL REPUBLICA DE COLOMBIA"
    },
    {
        "code": "281",
        "name": "FARMACIA CAROL ENRIQUILLO"
    },
    {
        "code": "282",
        "name": "FARMACIA CAROL HERRERA"
    },
    {
        "code": "283",
        "name": "FARMACIA CAROL CUESTA HERMOSA"
    },
    {
        "code": "284",
        "name": "FARMACIA CAROL EL MILLON"
    },
    {
        "code": "285",
        "name": "FARMACIA CAROL PALMARES"
    },
    {
        "code": "286",
        "name": "FARMACIA CAROL JUMBO MELLA"
    },
    {
        "code": "231",
        "name": "FARMACIA CAROL PLAZA ANDALUCIA"
    },
    {
        "code": "232",
        "name": "FARMACIA CAROL TIRADENTES"
    },
    {
        "code": "233",
        "name": "FARMACIA CAROL AGORA MALL"
    },
    {
        "code": "234",
        "name": "FARMACIA CAROL NOVO CENTRO"
    },
    {
        "code": "235",
        "name": "FARMACIA CAROL JUAN DOLIO"
    },
    {
        "code": "280",
        "name": "FARMACIA CAROL CORAL MALL"
    },
    {
        "code": "110",
        "name": "FARMACIA CAROL NACO"
    },
    {
        "code": "111",
        "name": "FARMACIA CAROL ESTRELLA SADHALA"
    },
    {
        "code": "112",
        "name": "FARMACIA CAROL GURABO"
    },
    {
        "code": "113",
        "name": "FARMACIA CAROL INDEPENDENCIA"
    },
    {
        "code": "162",
        "name": "FARMACIAA CAROL PHARMACYCENTER"
    },
    {
        "code": "230",
        "name": "FARMACIA CAROL SAMANA"
    },
    {
        "code": "104",
        "name": "FARMACIA CAROL PALACIO"
    },
    {
        "code": "105",
        "name": "FARMACIA CAROL LOPE DE VEGA"
    },
    {
        "code": "106",
        "name": "FARMACIA CAROL CHARLES DE GAULLE"
    },
    {
        "code": "107",
        "name": "FARMACIA CAROL ARROYO HONDO"
    },
    {
        "code": "108",
        "name": "FARMACIA CAROL GAZCUE"
    },
    {
        "code": "109",
        "name": "FARMACIA CAROL ACROPOLIS CENTER"
    },
    {
        "code": "20971",
        "name": "GRUPO FARMACEUTICO 2B SRL"
    },
    {
        "code": "465",
        "name": "GRUPO FARMACEUTICO 2B SRL (VILLA PEREYRA)"
    },
    {
        "code": "769",
        "name": "GRUPO FARMACEUTICO 2B SRL (ROMANA DEL OESTE)"
    },
    {
        "code": "770",
        "name": "GRUPO FARMACEUTICO 2B SRL (VILLA ESPAA)"
    },
    {
        "code": "782",
        "name": "GRUPO FARMACEUTICO 2B SRL (FARMA RESIDENCIA ROMANA)"
    },
    {
        "code": "838",
        "name": "GRUPO FARMACEUTICO 2B SRL (HIGUEY II)"
    },
    {
        "code": "842",
        "name": "GRUPO FARMACEUTICO 2B SRL (BAVARO I)"
    },
    {
        "code": "2426",
        "name": "GRUPO FARMACEUTICO 2B SRL (VILLA VERDE)"
    },
    {
        "code": "2442",
        "name": "GRUPO FARMACEUTICO 2B SRL (MONUMENTO)"
    },
    {
        "code": "2458",
        "name": "GRUPO FARMACEUTICO 2B SRL (HATO MAYOR)"
    },
    {
        "code": "2464",
        "name": "GRUPO FARMACEUTICO 2B SRL (DR. FERRY)"
    },
    {
        "code": "2465",
        "name": "GRUPO FARMACEUTICO 2B SRL (VERON II)"
    },
    {
        "code": "2490",
        "name": "GRUPO FARMACEUTICO 2BSRL ( BANIDA)"
    },
    {
        "code": "845",
        "name": "GRUPO FARMACEUTICO 2B SRL (HIGUEY I)"
    },
    {
        "code": "846",
        "name": "GRUPO FARMACEUTICO 2B SRL (VERON I)"
    },
    {
        "code": "861",
        "name": "GRUPO FARMACEUTICO 2B SRL (HIGUEY III)"
    },
    {
        "code": "2394",
        "name": "GRUPO FARMACEUTICO 2B SRL (HIGUEY IV)"
    },
    {
        "code": "2395",
        "name": "GRUPO FARMACEUTICO 2B SRL (PADRE ABREU)"
    },
    {
        "code": "2413",
        "name": "GRUPO FARMACEUTICO 2B SRL (RINOX)"
    },
    {
        "code": "22539",
        "name": "GRUPO FARMACEUTICO AMA EIRL"
    },
    {
        "code": "390",
        "name": "GRUPO FARMACEUTICO AMA EIRL (FARMACIA JOSEFINA)"
    },
    {
        "code": "391",
        "name": "GRUPO FARMACEUTICO AMA EIRL (FARMACIA MIRELYS1)"
    },
    {
        "code": "392",
        "name": "GRUPO FARMACEUTICO AMA EIRL (FARMACIA MIRELYS II)"
    },
    {
        "code": "393",
        "name": "GRUPO FARMACEUTICO AMA EIRL (FARMACIA TIRADENTES)"
    },
    {
        "code": "21944",
        "name": "GRUPO FARMACEUTICO MONCLUS SRL"
    },
    {
        "code": "713",
        "name": "FARMACIA POLULAR TRINITARIO-SDE"
    },
    {
        "code": "757",
        "name": "FARMACIA POPULAR SAN LUIS SDE"
    },
    {
        "code": "9717",
        "name": "INVERSIONES TORRES SERRATA SRL"
    },
    {
        "code": "275",
        "name": "FARMACIA BAIK JARABACOA"
    },
    {
        "code": "279",
        "name": "FARMACIA BAIK III ENRIQUILLO"
    },
    {
        "code": "9416",
        "name": "JUAN JOSE DIAZ ENCARNACION"
    },
    {
        "code": "2466",
        "name": "JUAN JOSE DIAZ ENCARNACION (SECTOR LOS QUEMADOS)"
    },
    {
        "code": "25097",
        "name": "MEDICINAS Y SERVICIOS KHOURY SRL"
    },
    {
        "code": "2505",
        "name": "MEDICINA Y SERVICIOS KHOURY SRL - TAMBORIL"
    },
    {
        "code": "2506",
        "name": "MEDICINA Y SERVICIOS KHOURY SRL - PUERTO PLATA"
    },
    {
        "code": "16772",
        "name": "NEOMEDICAL SRL"
    },
    {
        "code": "712",
        "name": "FARMACIA NEOMEDICAL-YOMA"
    },
    {
        "code": "20973",
        "name": "PHARMA CENTRO NFQ SRL"
    },
    {
        "code": "694",
        "name": "FHARMA CENTRO NFQ2- DAJABON"
    },
    {
        "code": "25177",
        "name": "PHARMAVIDA PAYF SRL"
    },
    {
        "code": "2591",
        "name": "FARMACIAVIDA PAYF- STO DGO OESTE"
    },
    {
        "code": "20692",
        "name": "SUPER FARMACIA JOSE NEPO SRL"
    },
    {
        "code": "460",
        "name": "FARMACIA JOSE NEPO II ARROYO HONDO"
    },
    {
        "code": "522",
        "name": "FARMACIA JOSE NEPO LAS PRADERAS"
    },
    {
        "code": "2457",
        "name": "SUPER FARMACIA JOSE NEPO SRL"
    },
    {
        "code": "33901",
        "name": "SUPER FARMACIA MADIGNA SRL"
    },
    {
        "code": "2553",
        "name": "SUPER FARMACIA MADIGNA SRL"
    },
    {
        "code": "19687",
        "name": "ZAGLUL AGUIRREURRETA SRL"
    },
    {
        "code": "315",
        "name": "FARMACIA ZAGLUL (EL SEIBO)"
    },
    {
        "code": "316",
        "name": "FARMACIA ZAGLUL (HIGEY)"
    },
    {
        "code": "776",
        "name": "FARMACIA ZAGLUL (CONSUELO)"
    },
    {
        "code": "777",
        "name": "FARMACIA ZAGLUL (MIRAMAR)"
    },
    {
        "code": "824",
        "name": "FARMACIA ZAGRUL-MERCADO"
    },
    {
        "code": "1",
        "name": "FARMACIA HEIDY GILBEN SRL"
    },
    {
        "code": "6937",
        "name": "FARMACIA BERENICE SRL"
    },
    {
        "code": "9045",
        "name": "FARMACIA RAMIREZ MEDINA SRL"
    },
    {
        "code": "9053",
        "name": "FARMACIA DON HONORIO SRL"
    },
    {
        "code": "9130",
        "name": "FARMACIA LUZON C POR A"
    },
    {
        "code": "9313",
        "name": "FARMACIA CHARO SRL"
    },
    {
        "code": "9316",
        "name": "FARMACIA SANDRA C POR A"
    },
    {
        "code": "9325",
        "name": "FARMACIA LAS MERCEDES DE LOS SANTOS S R L"
    },
    {
        "code": "9394",
        "name": "SUPER FARMACIA MACORIX S A"
    },
    {
        "code": "9422",
        "name": "SUPER FARMACIA VILLA FUNDACION"
    },
    {
        "code": "9480",
        "name": "FARMACIA DARIELYS SRL"
    },
    {
        "code": "9483",
        "name": "FARMACIA ALONSO MARTINEZ EIRL"
    },
    {
        "code": "9487",
        "name": "FARMACIA VILLA ESTELA"
    },
    {
        "code": "9493",
        "name": "FARMACIA CARRASCO SRL"
    },
    {
        "code": "9551",
        "name": "FARMACIA JEAN LUIS, SRL"
    },
    {
        "code": "9558",
        "name": "SUPER FARMACIA INDEPENDENCIA C POR A"
    },
    {
        "code": "9559",
        "name": "ARACELIS LACHAPELL ROSARIO"
    },
    {
        "code": "9601",
        "name": "FARMACIA CHURCHILL C POR A"
    },
    {
        "code": "9656",
        "name": "FARMACIA CARMINA SRL"
    },
    {
        "code": "9662",
        "name": "FARMACIA LAUREL SRL"
    },
    {
        "code": "9678",
        "name": "FARMETRO SRL"
    },
    {
        "code": "9683",
        "name": "FARMACIA PUERTO RICO SRL"
    },
    {
        "code": "9692",
        "name": "FARMACIA DONA OLGA C POR A"
    },
    {
        "code": "9702",
        "name": "FARMACIA BARBARA MARIA C POR A"
    },
    {
        "code": "9719",
        "name": "FARMACIA KARLA SRL"
    },
    {
        "code": "10132",
        "name": "FARMACIA CALDERON SRL"
    },
    {
        "code": "10150",
        "name": "GISELA BUTTEN & CO C POR A"
    },
    {
        "code": "10340",
        "name": "YUDERKA ZORRILLA SANTANA"
    },
    {
        "code": "10352",
        "name": "FARMACIA JULISSA S A"
    },
    {
        "code": "10610",
        "name": "SUPERFARMACIA KAREN C POR A"
    },
    {
        "code": "10664",
        "name": "DARY S A"
    },
    {
        "code": "11366",
        "name": "FARMACIA NACIONAL S A"
    },
    {
        "code": "11680",
        "name": "LUIS A HERNANDEZ SRL"
    },
    {
        "code": "11697",
        "name": "FARMACIA SAN JOSE MERCEDES ANTONIA PEREZ C POR A"
    },
    {
        "code": "11776",
        "name": "FARMACIA FANA, S.A."
    },
    {
        "code": "12862",
        "name": "FARMACIA LA HUMANITARIA PASCUAL GUZMAN S A"
    },
    {
        "code": "13798",
        "name": "FARMACIA HERMANOS RAMIREZ GARCIA SRL"
    },
    {
        "code": "13799",
        "name": "FARMACIA CANDILEJAS EIRL"
    },
    {
        "code": "13803",
        "name": "LIDIA ELIZANDRA PEÑA SOSA (FARMACIA ELYFIOR)"
    },
    {
        "code": "13929",
        "name": "RAMONA BARTOLA AGRAMONTE PEGUERO (FARMACIA SAHIRA)"
    },
    {
        "code": "13947",
        "name": "FARMACIA DE LA LUZ SRL"
    },
    {
        "code": "13949",
        "name": "FARMACIA SAN LUIS SRL"
    },
    {
        "code": "13951",
        "name": "FARMACIA EDEN II SRL"
    },
    {
        "code": "13980",
        "name": "FARMACIA JACQUELINE BONAO S R L"
    },
    {
        "code": "14028",
        "name": "FARMACIA FELLITA SRL"
    },
    {
        "code": "14087",
        "name": "FARMACIA BOCA CHICA I SRL"
    },
    {
        "code": "14088",
        "name": "FARMACIA DARIELA CRISTINA SRL"
    },
    {
        "code": "14131",
        "name": "SUPER FARMACIA TRINIDAD SRL"
    },
    {
        "code": "14133",
        "name": "FARMACIA LIBERTAD MENA SRL"
    },
    {
        "code": "14150",
        "name": "SUPER FARMACIA FANNY SRL"
    },
    {
        "code": "14167",
        "name": "FARMACIA BUENA VISTA I SRL"
    },
    {
        "code": "14176",
        "name": "FARMACIA LOS MAMEYES SRL"
    },
    {
        "code": "14207",
        "name": "MARIA MIGUELINA LIRIANO RIVAS (FARMACIA LIRIANO)"
    },
    {
        "code": "14280",
        "name": "SUPERFARMACIA LOS ESCALONES SRL"
    },
    {
        "code": "14287",
        "name": "DRA ELENA APONTE Y CO"
    },
    {
        "code": "14453",
        "name": "FARMACIA MONCION SRL"
    },
    {
        "code": "14455",
        "name": "FARMACIA DORIS DE MOCA SRL"
    },
    {
        "code": "14456",
        "name": "JULIO DEL CARMEN FERMIN PAYERO (FARMACIA RITA)"
    },
    {
        "code": "14458",
        "name": "FARMACIA VASQUEZ SRL"
    },
    {
        "code": "14473",
        "name": "FARMACIA MENDEZ C X A"
    },
    {
        "code": "14523",
        "name": "FARMACIA YOLI S R L"
    },
    {
        "code": "14539",
        "name": "FARMACIA ADA SRL"
    },
    {
        "code": "14548",
        "name": "FARMACIA EMBAJADORA DE LA SALUD SRL"
    },
    {
        "code": "14561",
        "name": "FARMACIA O & D SRL"
    },
    {
        "code": "14659",
        "name": "FARMACIA SANTA MARGARITA S A"
    },
    {
        "code": "14884",
        "name": "FARMACIA LEMBERT S A"
    },
    {
        "code": "15290",
        "name": "FARMACIA JARDIN DE LAS FLORES SRL"
    },
    {
        "code": "15311",
        "name": "FARMACIA EL MANANTIAL SRL"
    },
    {
        "code": "15606",
        "name": "FARMACIA DRA CLETO SRL"
    },
    {
        "code": "15660",
        "name": "FARMACIA AMISTAD BANI SRL"
    },
    {
        "code": "15661",
        "name": "FARMACIA SAN JUAN DE LA MAGUANA SRL"
    },
    {
        "code": "15814",
        "name": "NEGOCIOS MAR DE CORAL S A / FARMACIA SAN GERONIMO"
    },
    {
        "code": "15901",
        "name": "FARMACIA ESTHER MACORIS, SRL"
    },
    {
        "code": "16089",
        "name": "FARMACIA SAONA SRL"
    },
    {
        "code": "16194",
        "name": "FARMACIA OLIM SRL"
    },
    {
        "code": "16195",
        "name": "SUPER FARMACIA MODERNA SRL"
    },
    {
        "code": "16282",
        "name": "FARMACIA MIGUELINA, SRL"
    },
    {
        "code": "16499",
        "name": "SUPER FARMACIA NANCY MARIÑEZ SRL"
    },
    {
        "code": "16544",
        "name": "A & R PHARMA SRL SRL"
    },
    {
        "code": "16551",
        "name": "FARMACIA DOCTORA BEATRIZ SANCHEZ MARTES SRL"
    },
    {
        "code": "16574",
        "name": "FARMACIA LA RINCONADA C POR A"
    },
    {
        "code": "16657",
        "name": "FARMACIA MINERVA AZUA EIRL"
    },
    {
        "code": "16707",
        "name": "DELCIA TOMASA PEREZ BELLO (FARMACIA DUVERGÉ II)"
    },
    {
        "code": "16726",
        "name": "FARMACIA VISTA AL VALLE SRL"
    },
    {
        "code": "16749",
        "name": "FARMACIA JACALIG SRL"
    },
    {
        "code": "16775",
        "name": "FARMACIA SAN JOSE PROVINCIA DUARTE SRL"
    },
    {
        "code": "16872",
        "name": "FARMACIA VILLALONA SRL"
    },
    {
        "code": "16984",
        "name": "FARMACIA IGUAMED SRL"
    },
    {
        "code": "16988",
        "name": "FARMACIA SAN MARTIN DE PORRES DE VILLA VASQUEZ SRL"
    },
    {
        "code": "17013",
        "name": "CRIZATEMI ROSARIO GUTIERREZ DE REYES"
    },
    {
        "code": "17025",
        "name": "FARMACIA DONA YIYA SRL"
    },
    {
        "code": "17045",
        "name": "FARMACIA ZELANDIA SRL"
    },
    {
        "code": "17046",
        "name": "FARMACIA ORQUI SRL"
    },
    {
        "code": "17053",
        "name": "FARMACIA HUMANITARIA LUIS GUZMAN S R L"
    },
    {
        "code": "17061",
        "name": "FARMACIA MILAGROS SRL"
    },
    {
        "code": "17071",
        "name": "FARMACIA LIANLUMA SRL"
    },
    {
        "code": "17078",
        "name": "FARMACIA RAMIREZ DAPIATO EIRL"
    },
    {
        "code": "17084",
        "name": "FARMACIA MERCEDES ALTAGRACIA C POR A"
    },
    {
        "code": "17102",
        "name": "FARMACIA SAN ANTONIO SRL"
    },
    {
        "code": "17113",
        "name": "FARMACIA PAPPATERRA EIRL"
    },
    {
        "code": "17114",
        "name": "DULCE MILAGROS GARCIA PENA DE RICARDO"
    },
    {
        "code": "17239",
        "name": "FARMACIA MAIRENI SRL"
    },
    {
        "code": "17383",
        "name": "FARMACIA ALMIRANTE SRL"
    },
    {
        "code": "17429",
        "name": "FARMACIA SANTA RITA EIRL"
    },
    {
        "code": "17500",
        "name": "FARMACIA NAVEO C POR A"
    },
    {
        "code": "17507",
        "name": "SUPER FARMACIA CANEPA SRL"
    },
    {
        "code": "17730",
        "name": "FARMACIA SAN MIGUEL SAN FRANCISCO SRL"
    },
    {
        "code": "17856",
        "name": "FARMACIA DEL PARQUE SRL"
    },
    {
        "code": "17893",
        "name": "FARMACIA ABREU SRL"
    },
    {
        "code": "17917",
        "name": "SANTA DE JESUS ESPINAL BRITO"
    },
    {
        "code": "18036",
        "name": "FARMACIA SAN ANTONIO PATRÓN DE BONAO SRL"
    },
    {
        "code": "18037",
        "name": "MERCADO VENTURA & ASOCIADOS SRL"
    },
    {
        "code": "18072",
        "name": "FARMACIA MIVELBA SRL"
    },
    {
        "code": "18124",
        "name": "FARMACIA BERNARDO SRL"
    },
    {
        "code": "18151",
        "name": "FARMACIA AZIL C POR A"
    },
    {
        "code": "18152",
        "name": "FARMACIA RACHELL SRL"
    },
    {
        "code": "18175",
        "name": "FARMACIA SAN ANDRES C POR A"
    },
    {
        "code": "18177",
        "name": "FARMACIA GONZALEZ SRL"
    },
    {
        "code": "18181",
        "name": "FARMACIA AUDREY EIRL"
    },
    {
        "code": "18241",
        "name": "FARMACIA CRISTO VIENE SRL"
    },
    {
        "code": "18318",
        "name": "GAINSER SRL"
    },
    {
        "code": "18349",
        "name": "FARMACIA ELKA S A"
    },
    {
        "code": "18374",
        "name": "PIRINGUA EIRL"
    },
    {
        "code": "18410",
        "name": "FARMACIA PICHARDO DE LA CRUZ SRL"
    },
    {
        "code": "18412",
        "name": "ELIAS ZACARIAS FELIZ ISAAC"
    },
    {
        "code": "18448",
        "name": "FARMACIA YASMINA SRL"
    },
    {
        "code": "18497",
        "name": "FARMACIA ANGELA SRL"
    },
    {
        "code": "18509",
        "name": "SUPER FARMACIA INVIVIENDA SRL"
    },
    {
        "code": "18611",
        "name": "FARMACIA LAS LAGUNAS SRL"
    },
    {
        "code": "18612",
        "name": "SUPER FARMACIA EDWARD S A"
    },
    {
        "code": "18640",
        "name": "FARMACIA FARO SRL"
    },
    {
        "code": "18663",
        "name": "FARMACIA RANSY SRL"
    },
    {
        "code": "18664",
        "name": "FARMACIA EL CIRUELILLO EIRL"
    },
    {
        "code": "18668",
        "name": "FARMACIA HATO NUEVO SRL"
    },
    {
        "code": "18929",
        "name": "FARMAPRIX SRL"
    },
    {
        "code": "19005",
        "name": "FARMACIA CAMEJO EIRL"
    },
    {
        "code": "19143",
        "name": "FARMACIA SALCEDO SRL"
    },
    {
        "code": "19222",
        "name": "YVANNY SRL"
    },
    {
        "code": "19236",
        "name": "FARMALAND SRL"
    },
    {
        "code": "19322",
        "name": "FARMACIA LIFERPA SRL"
    },
    {
        "code": "19566",
        "name": "FARMACIA ALBERTO PG SRL"
    },
    {
        "code": "19649",
        "name": "FARMACIA NESTOR SRL"
    },
    {
        "code": "19719",
        "name": "FARMACIA LUZ MARGARITA SRL"
    },
    {
        "code": "19732",
        "name": "FARMACIA BOGAERT S R L"
    },
    {
        "code": "19764",
        "name": "FARMACIA MEDARDA SRL"
    },
    {
        "code": "19794",
        "name": "FARMACIA M & M SRL"
    },
    {
        "code": "19846",
        "name": "FARMACIA MECAS SRL"
    },
    {
        "code": "19887",
        "name": "FARMACIA REYNA C POR A"
    },
    {
        "code": "19889",
        "name": "ASOV INVESTMENTS SRL"
    },
    {
        "code": "19978",
        "name": "FARMACIA YANI MARIA SRL"
    },
    {
        "code": "20043",
        "name": "INVERSIONES PALERMO SRL"
    },
    {
        "code": "20344",
        "name": "FARMACIA EL DETALLISTA SRL"
    },
    {
        "code": "20400",
        "name": "CENTRO COMERCIAL ARIAS SRL"
    },
    {
        "code": "20414",
        "name": "FARMACIA CANDILEJA GB SRL"
    },
    {
        "code": "20436",
        "name": "SAHEC SRL"
    },
    {
        "code": "20643",
        "name": "FARMACIA EL SIGLO SRL"
    },
    {
        "code": "20683",
        "name": "JOSE RAMON ROSADO CRUZ(FAMACIA MADRE TERESA DE LA ESPERANZA)"
    },
    {
        "code": "20684",
        "name": "FARMACIA DIOGENES MORALES SRL"
    },
    {
        "code": "20738",
        "name": "FARMA RALAM EXPRESS SRL"
    },
    {
        "code": "20767",
        "name": "RAVILLA S A"
    },
    {
        "code": "20768",
        "name": "FARMACIA ALEIKA SRL"
    },
    {
        "code": "20892",
        "name": "FARMACENTRO DEL ESTE S A"
    },
    {
        "code": "20970",
        "name": "MEDCITY SRL"
    },
    {
        "code": "20992",
        "name": "FARMACIA YARIDYS EIRL"
    },
    {
        "code": "21288",
        "name": "CENTRO COMERCIAL B & G SRL"
    },
    {
        "code": "21431",
        "name": "EMPRESAS OSIRIS GUERRERO SRL"
    },
    {
        "code": "21445",
        "name": "EDDY FRANCISCO POLANCO JIMENEZ"
    },
    {
        "code": "21671",
        "name": "FARMACIA CENTRAL SRL"
    },
    {
        "code": "21834",
        "name": "FARMACIA MAICOL SRL"
    },
    {
        "code": "21932",
        "name": "FARMACIA CHARLES EIRL"
    },
    {
        "code": "21940",
        "name": "FARMACIA ERIMER SRL"
    },
    {
        "code": "22150",
        "name": "FARMACIA EVELIA, EIRL"
    },
    {
        "code": "22468",
        "name": "FARMACIA LA EMBAJADA SRL"
    },
    {
        "code": "22470",
        "name": "FARMACIA SAN JUDAS DE HATO MAYOR DEL REY SRL"
    },
    {
        "code": "22559",
        "name": "FARMACIA ARLETTE EIRL"
    },
    {
        "code": "22560",
        "name": "FARMACIA OZAMA SRL"
    },
    {
        "code": "22561",
        "name": "FARMACIA ANA MILAGROS SRL"
    },
    {
        "code": "22566",
        "name": "FARMACIA CENTRO DE LOS TRABAJADORES SRL"
    },
    {
        "code": "22575",
        "name": "FARMACIA ALBA"
    },
    {
        "code": "22579",
        "name": "FARMACIA DILIA SRL"
    },
    {
        "code": "22723",
        "name": "FARMACIA SAN LUIS NAGUA SRL"
    },
    {
        "code": "22732",
        "name": "FARMACIA A&D EIRL"
    },
    {
        "code": "22770",
        "name": "FARMACIA MON SRL"
    },
    {
        "code": "23165",
        "name": "FARMACIA TOMAS POLANCO & JOSE ARISTIDES POLANCO MORROBEL SRL"
    },
    {
        "code": "23248",
        "name": "NIVELKI LICET JIMENEZ MORA"
    },
    {
        "code": "23377",
        "name": "FARMACIA BEIRUT SRL"
    },
    {
        "code": "23794",
        "name": "SUPER FARMACIA TORRES SRL"
    },
    {
        "code": "23799",
        "name": "SUPER FARMACIA IRINA S A"
    },
    {
        "code": "24114",
        "name": "PHARMAONIEL SRL"
    },
    {
        "code": "24140",
        "name": "AEROFARMACIA 101 SRL"
    },
    {
        "code": "24142",
        "name": "JUAN QUEZADA SRL"
    },
    {
        "code": "24464",
        "name": "FARMACIA DICHI SRL"
    },
    {
        "code": "24496",
        "name": "FARMACIA SALIM II SRL"
    },
    {
        "code": "24589",
        "name": "TREISY FARMACIA SRL"
    },
    {
        "code": "24622",
        "name": "FARMACIA LUIS ILENA SRL"
    },
    {
        "code": "24641",
        "name": "FARMACIA CHARINA SRL"
    },
    {
        "code": "24710",
        "name": "FARMACIA SALIM SRL"
    },
    {
        "code": "24711",
        "name": "FARMACIA ISMENIA SRL"
    },
    {
        "code": "24748",
        "name": "FARMACIA MEDIKA INTERNACIONAL SUR SRL"
    },
    {
        "code": "24749",
        "name": "FARMACIA BIENVENIDA SRL"
    },
    {
        "code": "24760",
        "name": "FARMACIA MEDIKA INTERNACIONAL NORTE SRL"
    },
    {
        "code": "24821",
        "name": "MEGAPHARMA FL SRL"
    },
    {
        "code": "24934",
        "name": "SUPER FARMACIA NACIONAL DE SANTIAGO SRL"
    },
    {
        "code": "24935",
        "name": "FARMACIA CHELIN SRL"
    },
    {
        "code": "25091",
        "name": "FARMACIA CIELO SRL"
    },
    {
        "code": "25105",
        "name": "FARMACIA WELLING EIRL"
    },
    {
        "code": "25216",
        "name": "FARMACIA LA REFORMA SRL"
    },
    {
        "code": "25312",
        "name": "SUPER FARMACIA SAN JOSE SRL"
    },
    {
        "code": "25387",
        "name": "FARMACIA SOLIMAR SRL"
    },
    {
        "code": "25391",
        "name": "FARMA NEW F&B SRL"
    },
    {
        "code": "25392",
        "name": "NEO-FARMACIA SRL"
    },
    {
        "code": "25472",
        "name": "DL FARMA SRL"
    },
    {
        "code": "25501",
        "name": "FARMACIA LOS JARDINES DE VILLA TAPIA SRL"
    },
    {
        "code": "25554",
        "name": "FARMACIA MICHELLE DIAZ SRL"
    },
    {
        "code": "25556",
        "name": "FARMACIA MARIA DE BONAO EIRL"
    },
    {
        "code": "25656",
        "name": "FARMACIA LA CONCEPCION DE LA MOTA SAS"
    },
    {
        "code": "26454",
        "name": "FARMACIA VILLA OLGA SRL"
    },
    {
        "code": "26455",
        "name": "FARMACIA EL PODER DE JEHOVA SRL"
    },
    {
        "code": "26955",
        "name": "EDUARD MATOS RAMIREZ"
    },
    {
        "code": "27094",
        "name": "FARMACIA RIMAC, SRL"
    },
    {
        "code": "27242",
        "name": "FARMACIA ROMAMBAR SRL"
    },
    {
        "code": "27253",
        "name": "FARMACIA ANJURA SRL"
    },
    {
        "code": "27254",
        "name": "FARMACIA ALLAN SRL"
    },
    {
        "code": "27341",
        "name": "FARMACIA ROSA LINDA C POR A"
    },
    {
        "code": "27417",
        "name": "SUPER FARMACIA VERON SRL"
    },
    {
        "code": "27921",
        "name": "FARMACIA BEATON SRL"
    },
    {
        "code": "28887",
        "name": "FARMACIA SABINA SRL"
    },
    {
        "code": "28977",
        "name": "FARMACIA LICEY SRL"
    },
    {
        "code": "29256",
        "name": "GRUPO FARMARIEL SALUDACHEL SRL"
    },
    {
        "code": "29526",
        "name": "FARMACIA SABANA BUEY SRL"
    },
    {
        "code": "29541",
        "name": "FARMACIA OLEAGA THEN SRL"
    },
    {
        "code": "29547",
        "name": "FRONTER FARMA EIRL"
    },
    {
        "code": "29801",
        "name": "FARMAYER SRL"
    },
    {
        "code": "29877",
        "name": "KS PHARMA SRL"
    },
    {
        "code": "30013",
        "name": "DR CRISTIAN SANTANA TAVAREZ SRL"
    },
    {
        "code": "30054",
        "name": "MC MEJIA CACERES SRL"
    },
    {
        "code": "30111",
        "name": "FARMACIA YAGUATE SRL"
    },
    {
        "code": "30112",
        "name": "FARMACIA PAREDES SRL"
    },
    {
        "code": "30113",
        "name": "FARMACIA CALEB SRL"
    },
    {
        "code": "30204",
        "name": "FARMACIA GELYN SRL"
    },
    {
        "code": "30210",
        "name": "FELCON INVESTMENTS SRL"
    },
    {
        "code": "30216",
        "name": "FARMACIA DILANIA SRL"
    },
    {
        "code": "30236",
        "name": "ELVIN SURTIFARMA SRL"
    },
    {
        "code": "30321",
        "name": "FARMACIA FARMASANO SRL"
    },
    {
        "code": "30520",
        "name": "FARMACIAMEDICANA SRL"
    },
    {
        "code": "30532",
        "name": "FARMACIA GUATAPANAL BMLT"
    },
    {
        "code": "30534",
        "name": "FARMACIA VICTORIO SRL"
    },
    {
        "code": "30565",
        "name": "FARMACIA MEDYVITA SRL"
    },
    {
        "code": "30729",
        "name": "SUPER FARMACIA ELBA NURIS I SRL"
    },
    {
        "code": "31084",
        "name": "FARMACIA TAYUBA EIRL"
    },
    {
        "code": "31262",
        "name": "FARMACIA JIMENEZ GUZMAN SRL"
    },
    {
        "code": "31361",
        "name": "KHRIS AUS PHARMACY SRL"
    },
    {
        "code": "31366",
        "name": "FARMACIA YNA SRL"
    },
    {
        "code": "31377",
        "name": "FARMACIA GURABO SRL"
    },
    {
        "code": "31393",
        "name": "FARMACIA AILENNY MARID SRL"
    },
    {
        "code": "31398",
        "name": "FARMACIA DIVINO NINO SRL"
    },
    {
        "code": "31432",
        "name": "HIPERMERCADO LA FUENTE S A S"
    },
    {
        "code": "31669",
        "name": "MARCELLA Y NATHALIA FARMANAT SRL"
    },
    {
        "code": "31727",
        "name": "FARMACIA LUZ CAROLINA SRL"
    },
    {
        "code": "31739",
        "name": "FARMACIA VARGAS SANCHEZ SRL"
    },
    {
        "code": "31784",
        "name": "FARMACIA CVS SRL"
    },
    {
        "code": "32186",
        "name": "RAPPIFARMA RD SRL"
    },
    {
        "code": "32387",
        "name": "FARMACIA SOL SRL"
    },
    {
        "code": "32389",
        "name": "FARMACIA DOÑA MAMOLA"
    },
    {
        "code": "32391",
        "name": "FARMACIA ALIBELL SRL"
    },
    {
        "code": "32475",
        "name": "FARMACIA AMADO MELO SRL"
    },
    {
        "code": "32666",
        "name": "MARIA CONCEPCION MEJIA ORTIZ"
    },
    {
        "code": "32748",
        "name": "FARMACIA LOS MELONES SRL"
    },
    {
        "code": "32858",
        "name": "FARMACIA JESUS ANGELES FERNANDEZ SRL"
    },
    {
        "code": "33014",
        "name": "FARMACIA MONUMENTAL SRL"
    },
    {
        "code": "33141",
        "name": "FARMACIA ANGIE MATEO SRL"
    },
    {
        "code": "33147",
        "name": "FARMACIA RUT MARTINEZ SRL"
    },
    {
        "code": "33156",
        "name": "FARMACIA VILLA LUISA SRL"
    },
    {
        "code": "33173",
        "name": "FARMACIA BIANCA EMILSE SRL"
    },
    {
        "code": "33265",
        "name": "FARMACIA GRISS F Y G SRL"
    },
    {
        "code": "33336",
        "name": "LA FARMACIA JACQUELINE CASTILLO SRL"
    },
    {
        "code": "33579",
        "name": "VRL PHARMACY SRL"
    },
    {
        "code": "33618",
        "name": "FARMACIA DIAZ ROSARIO SRL"
    },
    {
        "code": "33635",
        "name": "FARMACIA FELICIANO"
    },
    {
        "code": "33658",
        "name": "FARMACIAS MILO SRL"
    },
    {
        "code": "33708",
        "name": "FARMACIA POPULAR QUISQUEYA SRL"
    },
    {
        "code": "33754",
        "name": "GRUPO FARMAWIL SRL"
    },
    {
        "code": "33780",
        "name": "ONLINE PLANET CC SRL"
    },
    {
        "code": "33804",
        "name": "C & D FARMACIA SRL"
    },
    {
        "code": "33806",
        "name": "FARMACIA MIRIAN INMACULADA SRL"
    },
    {
        "code": "33839",
        "name": "FARMACIA FELI Y MARIO"
    },
    {
        "code": "33900",
        "name": "FARMACIA LIRANZO SRL"
    },
    {
        "code": "33910",
        "name": "FARMACIA AGAPE SRL"
    },
    {
        "code": "33914",
        "name": "FARMACIA LAS MARGARITAS SRL"
    },
    {
        "code": "34038",
        "name": "FARMACIA AURA CANANO SRL"
    },
    {
        "code": "34177",
        "name": "SUPER FARMACIA PUERTA BLANCA SRL"
    },
    {
        "code": "34179",
        "name": "FARMACIA FLIA CESPEDES PERALTA SRL"
    },
    {
        "code": "34967",
        "name": "FARMACIA SUSANLY SRL"
    },
    {
        "code": "35194",
        "name": "FARMACIA HOLLYWOOD SRL"
    },
    {
        "code": "35347",
        "name": "FARMACIA ISRAELINA SRL"
    },
    {
        "code": "35373",
        "name": "FARMACIA RAFAEL SRL"
    },
    {
        "code": "35457",
        "name": "FARMA AZUR HURREM SRL"
    },
    {
        "code": "35468",
        "name": "FARMACIA ANA GABRIELA SRL"
    },
    {
        "code": "35471",
        "name": "LAURA CALDERON Y ASOCIADOS SRL"
    },
    {
        "code": "35494",
        "name": "FARMACIA JINAX SRL"
    },
    {
        "code": "35663",
        "name": "FARMACIA INMACULADA CAROLINA SRL"
    },
    {
        "code": "36267",
        "name": "FARMACIA SILDIA SRL"
    },
    {
        "code": "36269",
        "name": "FARMACIA MONTELLANO SRL"
    },
    {
        "code": "36299",
        "name": "FARMACIA LA ARBOLEDA SRL"
    },
    {
        "code": "36410",
        "name": "FARMACIA VILLA LIBERACION SRL"
    },
    {
        "code": "36645",
        "name": "FARMACIA NUMAR AL COSTO SRL"
    },
    {
        "code": "36746",
        "name": "FARMACIA LOS LANOS SRL"
    },
    {
        "code": "36854",
        "name": "FARMACIA CAMILO REYES SRL"
    },
    {
        "code": "36921",
        "name": "FARMACIA ERNY, SRL."
    },
    {
        "code": "36967",
        "name": "FARMACIA MAYEL SRL"
    },
    {
        "code": "37117",
        "name": "FARMACIA HUGO MERCEDES SRL"
    },
    {
        "code": "37355",
        "name": "FARMACIA ROSARIO JIMA SRL"
    },
    {
        "code": "37388",
        "name": "SUPER FARMACIA AIDA LICHINIA SRL"
    },
    {
        "code": "37391",
        "name": "FARMACIA CORAZONES UNIDOS SRL"
    },
    {
        "code": "37468",
        "name": "FARMACIA JOSEPH SRL"
    },
    {
        "code": "37570",
        "name": "FARMACIA JIMENEZ DIAZ"
    },
    {
        "code": "37796",
        "name": "FARMA ACTIVA BONAO SRL"
    },
    {
        "code": "37804",
        "name": "FARMACIA OSIRIS RAFAEL CABRAL SRL"
    },
    {
        "code": "38104",
        "name": "FARMACIA PUEBLO MONTECRISTI SRL"
    },
    {
        "code": "38132",
        "name": "FARMACIA ORTIZ & BUENO OB SRL"
    },
    {
        "code": "38134",
        "name": "FARMACIA RCM SRL"
    },
    {
        "code": "38139",
        "name": "FARMACIA PALMARECA SRL"
    },
    {
        "code": "38702",
        "name": "FARMA JVAL SRL"
    },
    {
        "code": "38750",
        "name": "FARMACIA EXPRESS LILIANA SRL"
    },
    {
        "code": "40106",
        "name": "CENTRO FARMACEUTICO SEGURA, S. R. L."
    },
    {
        "code": "40204",
        "name": "FARMACIA JADY SRL"
    },
    {
        "code": "41435",
        "name": "FARMACIA ESCOCESA"
    },
    {
        "code": "41784",
        "name": "FARMACIA ORIP SRL"
    }
]